<?xml version="1.0" encoding="UTF-8" standalone="yes"?>
<businessObjectModel xmlns="http://documentation.bonitasoft.com/bdm-xml-schema/1.0" modelVersion="1.0">
    <businessObjects>
        <businessObject qualifiedName="edu.javeriana.business.model.ClientAdvertising">
            <fields>
                <field type="STRING" length="255" name="publicidad" nullable="true" collection="false"/>
                <field type="BOOLEAN" length="255" name="meInteresa" nullable="true" collection="false"/>
            </fields>
            <uniqueConstraints/>
            <queries/>
            <indexes/>
        </businessObject>
        <businessObject qualifiedName="edu.javeriana.business.model.PlanDeMarketing">
            <fields>
                <field type="BOOLEAN" length="255" name="esAprobado" nullable="true" collection="false"/>
                <field type="STRING" length="255" name="iniciativa" nullable="true" collection="false"/>
                <field type="STRING" length="255" name="propuestaPlanDeMarketing" nullable="true" collection="false"/>
                <field type="BOOLEAN" length="255" name="presupuestoAprobado" nullable="true" collection="false"/>
                <field type="STRING" length="255" name="disenoMarketing" nullable="true" collection="false"/>
                <field type="BOOLEAN" length="255" name="disenoAprobado" nullable="true" collection="false"/>
                <field type="STRING" length="255" name="correoPublicitario" nullable="true" collection="false"/>
                <field type="LOCALDATE" length="255" name="fechaInicio" nullable="true" collection="false"/>
                <field type="LOCALDATE" length="255" name="fechaFin" nullable="true" collection="false"/>
                <field type="INTEGER" length="255" name="presupuesto" nullable="true" collection="false"/>
                <field type="STRING" length="255" name="tecnologia" nullable="true" collection="false"/>
                <field type="BOOLEAN" length="255" name="publicarEnRedes" nullable="true" collection="false"/>
                <field type="BOOLEAN" length="255" name="publicarPorCorreo" nullable="true" collection="false"/>
                <field type="BOOLEAN" length="255" name="publicarImpresion" nullable="true" collection="false"/>
                <field type="BOOLEAN" length="255" name="contactoDirecto" nullable="true" collection="false"/>
                <field type="BOOLEAN" length="255" name="presupuestoPasaPorcentaje" nullable="true" collection="false"/>
                <field type="LONG" length="255" name="precioDiseno" nullable="true" collection="false"/>
                <field type="STRING" length="255" name="resultadoRule" nullable="true" collection="false"/>
                <field type="STRING" length="255" name="disenador" nullable="true" collection="false"/>
            </fields>
            <uniqueConstraints/>
            <queries/>
            <indexes/>
        </businessObject>
    </businessObjects>
</businessObjectModel>
